old.word,new.word
glareinspection,glare inspection
wdfw,fwd
hpa,hap
david,David
broecker,broker
sdot,sot
se,SE
dan,Dan
richardson,Richardson
ecagrading,eradicating
eca,ace
arborist,arborvitae
srw,sew
shorelineconstruction,shoreline construction
js,dis
trane,trance
xl,XL
ecaat,eclat
jim,Jim
olsen,Olsen
hbmc,ICBM
ben,Ben
weber,Weber
george,George
wallace,Wallace
pavers,pacers
betty,Betty
adulu,adult
adu,adieu
perkins,Perkins
ln,Ln
revegetation,re vegetation
violationsopen,violations open
bridgevacant,bridge vacant
violationsvacant,violations vacant
violationsgrading,violations grading
evnironmentally,environmentally
douglas,Douglas
convserion,conversion
annette,Annette
didn,did
steve,Steve
wescott,Scott
storagetwo,storage two
inop,in op
landslipe,landslip
sfr,sf
geotechnical,nontechnical
ns,NS
th,ht
sw,SW
ecapermit,permit
ames,mes
ej,egg
rv,RV
bradrick,brad rick
acurately,accurately
nd,ND
gl,lg
greenbuild,green build
joe,Joe
eckhoff,checkoff
strikeplate,strike plate
applicaiton,application
occ,ok
violationthe,violation the
lu,loo
recvd,recd
landmarktrees,landmark trees
cutrear,cut rear
alki,alkali
sampson,Sampson
hydroseeding,hydro seeding
rf,RF
coverd,covers
bldinghbmcminor,boardinghouse
seattle,Seattle
celtic,Celtic
irish,Irish
agove,agave
establishmentbar,establishment bar
toal,tonal
mup,ump
stfi,sift
ecareplanting,replanting
viewmont,viewpoint
casebuilding,case building
gh,f
chp,tip
christine,Christine
bruno,Bruno
construciton,construction
lr,Lr
unpermitted,permitted
mcbride,McBride
seth,Seth
amrhein,Rheingau
dipslacement,displacement
dpd,dd
variancepermit,variance permit
heightpermits,height permits
encroching,encroaching
tesc,test
stormwater,storm water
csc,cs
moore,Moore
upslope,up slope
unallowed,unhallowed
saigon,Saigon
tim,chm
blevins,Blevins
bsmt,smut
el,e
chupacabra,abracadabra
complaiant,complaint
dg,d
nc,NC
dba,dab
insp,nips
chupacabara,Copacabana
thai,Thai
jerry,Jerry
finley,finely
julie,Julie
wiebusch,Busch
wisit,wist
justin,Justin
greenbusch,greenhouse
swo,sow
violationsverified,violations verified
moeller,modeler
severly,severely
pre,per
geotech,biotech
md,MD
eric,Eric
jenkins,Jenkins
northside,north side
nw,NW
permitoutdoor,permit outdoor
kb,KB
existsvegetation,exists vegetation
finaled,finales
pts,pt
bc,BC
cmu,cum
ballard,Ballard
paddleboard,paddle board
scott,Scott
stevens,Stevens
violationillegal,violation illegal
sp,tip
completedgrading,completed grading
violationlow,violation low
fackler,fickler
beamsowner,beams owner
onethe,one the
ecajr,cajoler
ord,rod
rebar,rear
violationsas,violations as
sfz,sf
moorage,moo rage
proj,pro
accomodate,accommodate
reclocation,relocation
dadugarage,disparage
lumsden,lumen
jill,Jill
vanneman,vanned
violationsovergrown,violations overgrown
inops,in ops
hom,ohm
bnr,bar
cb,CB
dw,d
matt,Matt
recker,wrecker
pritchard,Richard
sideyard,side yard
roxanne,Roxanne
kennedy,Kennedy
bmps,bps
managment,management
gradingneed,grading need
sepa,sea
repalnting,replanting
req,re
acu,ac
violationoutoor,autocorrelation
trailerland,trailer land
violationlight,violation light
anderson,Anderson
hobart,Hobart
occupany,occupant
veh,veg
unoperable,inoperable
proeprty,property
johnson,Johnson
knable,enable
sidewalkvegetation,sidewalk vegetation
wallroof,wall roof
kowalski,Malinowski
bg,bf
storagelu,storage
resovedpermit,permitted
nov,Nov
closedpossible,closed possible
storagerevegetation,preregistration
guttersvegetation,gutters vegetation
picsviolation,pics violation
limtied,limited
violationsviolation,violations violation
definate,definite
violationunpermitted,predetermination
waterward,water ward
lois,soil
decidulous,deciduous
existsobserved,exists observed
eo,e
tv,TV
materialspermit,materials permit
october,October
entryrear,entry rear
hzw,hew
overgrownapplication,overgrown application
ada,Ada
permitecology,permit ecology
vegetationmore,vegetation more
propertyoutdoor,property outdoor
pernit,permit
rowvery,row very
leakinspection,leak inspection
weathertight,weather tight
slopebuildings,slope buildings
smc,sec
equired,required
rentalproperty,rental property
encroahcing,encroaching
sr,cir
trashbags,trash bags
violationsvegetation,violations vegetation
marshall,Marshall
ands,and
ecaconstruction,Reconstruction
greg,Greg
bentler,gentler
occuppied,occupied
pscaa,upscale
patrick,Patrick
violationsjunk,violations junk
requred,required
ecainspector,inspectorate
flowr,flow
storageside,storage side
temporarypermit,temporary permit
wallpermits,wall permits
standardsoutdoor,standards outdoor
violationsoutdoor,violations outdoor
eoopen,reopen
windowspermit,windows permit
vehiclesobserved,vehicles observed
transfering,transferring
const,cons
ss,SS
codeobserved,code observed
undestands,understands
enchroching,encroaching
michelle,Michelle
macias,Macias
violationparking,violation parking
hbmcobserved,observed
coveringsbedroom,coverings bedroom
coveringhallway,covering hallway
violationlitter,violation litter
repeatlu,repeat
pking,ping
zoneviolation,zone violation
stg,st
storageobserved,storage observed
danni,Dannie
complinace,compliance
ordinace,ordinance
mr,rm
sdci,sci
victoria,Victoria
simpson,Simpson
sidewalkweeds,sidewalk weeds
sept,pest
shawn,Shawn
rowtrees,row trees
violationverified,violation verified
harvey,Harvey
rowe,wore
heightweedsi,lightweight
bainbridge,unabridged
fauntleroy,Fauntleroy
fontanelle,fontanel
bergum,begum
residenceopen,residence open
permitstfi,permitting
submittedsecond,submitted second
july,July
rollaway,roll away
partsviolation,parts violation
storageland,storage land
acc,ac
unitsat,unit sat
enviornmentally,environmentally
overwater,over water
requiredobserved,required observed
llc,ll
wallviolation,wall violation
steven,Steven
treehouse,tree house
unitlaurel,unit laurel
james,James
vic,Vic
delimbing,modeling
austin,Austin
propety,property
jamie,Jamie
hm,HM
santuary,sanctuary
pasv,pas
edms,eds
vehs,vets
inoplu,plugin
jeff,Jeff
krieg,Grieg
stefan,Stefan
gulassa,Lassa
casejunk,case junk
paula,Paula
tuq,tun
parker,Parker
duplexobserved,duplex observed
glenn,Glenn
takenobserve,taken observe
inpsected,inspected
storagekb,storage
violationobserved,violation observed
yardobserved,yard observed
overgrownas,overgrown as
photoswork,photos work
rehabiliation,rehabilitation
edmunds,Edmund
artowner,art owner
â,e
propert,proper
svegetation,vegetation
ecas,aces
bubles,bibles
ede,ed
courtenay,courtesan
ordobserved,observed
measres,measures
isn,sin
saturday,Saturday
matoon,maroon
backfill,back fill
lawton,law ton
zuidweg,midweek
lage,gale
gk,kg
kevin,Kevin
mcneal,McLean
gsi,gs
calucations,allocations
roxbury,Bradbury
georgia,Georgia
casey,Casey
pkingconstructing,constructing
deckdeck,deck deck
lans,labs
serveral,several
proepryt,proselyte
det,ted
borings,boring
requre,require
dravus,bravuras
onstruction,instruction
violationshbmc,violation
vewg,veg
styrofoam,Styrofoam
hullboat,hull boat
buillding,building
weedsivy,weeds ivy
svc,sec
california,California
theatre,theater
tenantweedsobserved,observed
refridgetor,refrigerator
hingers,gingers
adjuct,adjunct
rehabilitationapplication,rehabilitation application
jceo,CEO
sandra,Sandra
cloverdale,clover dale
tillicum,Tillich
remodelverified,remodel verified
unitsrf,unities
violationsweeds,violations weeds
geo,ego
reducedjunk,reduced junk
storagein,storage in
stope,stop
shilshore,shoreline
complainaint,complainant
vm,cm
gis,GIS
timeframe,time frame
doug,Doug
larson,Larson
wasn,awns
khh,shh
mdz,dz
thunderbird,Thunderbird
wa,WA
lic,lix
kuo,duo
structurebldg,structure bldg
gerry,Gerry
miyazaki,sukiyaki
outdoorsland,outdoors land
storageconstructing,storage constructing
lujunk,junk
qfc,Pfc
larsens,Larsen
saldana,sandal
ephesus,Ephesus
conditionsopen,conditions open
vegetationcomplaint,vegetation complaint
ghtrees,sightread
violationsapplication,violations application
electricy,electric
sched,steed
ld,ls
amelectricity,am electricity
weood,wooed
separted,departed
thorndyke,thorn dyke
conversioninspection,conversion inspection
violotion,violation
zoneemergency,zone emergency
determinedfire,determined fire
wndw,wand
origianlly,originally
parkk,park
fron,from
alot,a lot
vernon,Vernon
budiling,building
vioaltions,violations
licensedemolition,license demolition
lundstrom,laundromat
issuesapplication,issues application
frontenac,Frontenac
bserved,served
backmon,backgammon
bannercondo,banner condo
violationoutdoor,violation outdoor
wallacest,Wallace
recieved,received
sam,SAM
steele,stile
cerfification,certification
demolitiontrees,demolition trees
approvalsign,approval sign
takenfront,taken front
carboard,cardboard
estab,stab
existsns,exists
observedapplication,observed application
garagaevegetation,vegetation
superyachts,super yachts
bmw,BMW
atm,ATM
submittedviolation,submitted violation
ordinancereconstructing,ordinance reconstructing
realtor,Realtor
thriftway,thrift way
brian,brain
bixon,bison
paul,Paul
duplexno,duplex no
duplexapplication,duplex application
violatoins,violations
weedscedar,weeds cedar
parkerdeck,quarterdeck
satelite,satellite
sprague,Prague
les,lech
mcclure,McClure
safeway,Safeway
violationsissuance,violations issuance
occuapancy,occupancy
voilation,violation
thier,their
preperation,preparation
di,DI
chaperone,chaperon
failuire,failure
terminatoin,termination
occcupied,occupied
donald,Donald
takenjr,taken jr
storagedecks,storage decks
useoperating,use operating
facia,fascia
ordinancetree,ordinance tree
remodelobserved,remodel observed
starbucks,Starbucks
tj,t
complaintant,complainant
sunday,Sunday
monday,Monday
requiredissuance,required issuance
zoningillegal,zoning illegal
asc,sac
progres,progress
sotragepermit,neurotransmitter
ne,NE
shomari,maharishi
sfrremoving,scaremongering
perfomed,performed
portland,Portland
linepermit,line permit
skylightsneon,skylights neon
jd,JD
dave,Dave
danta,data
smp,amp
establishedobserved,established observed
advertisments,advertisements
reinsp,reins
oc,co
zonezoning,zone zoning
storagens,storage's
zoneobserved,zone observed
laural,aural
spu,spew
weedsobserved,weeds observed
commecial,commercial
areapermit,area permit
ret,rte
partically,partially
licence,license
ecapermits,permits
sfd,sf
zonehbmc,timezone
illeg,illegal
prociple,principle
srtucure,structure
solidst,solids
requestas,requests
ersosion,erosion
downstair,downstairs
repositioned,re positioned
findlay,find lay
arg,rag
appln,apple
violationsencampment,violations encampment
electrial,electrical
upstair,upstairs
ownere,owner
po,PO
restaurantpermits,restaurant permits
occupancyconstruction,occupancy construction
sidewalkpermit,sidewalk permit
violationlandslide,violation landslide
boccamazzo,Boccaccio
violationsspd,violation
sidewalkobserved,sidewalk observed
maint,main
violationsmonitoring,violations monitoring
mj,m
signthese,sign these
violationventing,violation venting
seperate,separate
conversionviolation,conversion violation
squarers,squarer
takenvacant,taken vacant
ldt,ltd
chinn,chin
nv,NV
doesn,does
actionalbe,actionable
hudson,Hudson
certifiction,certification
propertycomplaint,property complaint
unshielded,shielded
offence,offense
othello,Othello
demoltion,demotion
violationexpansion,violation expansion
coveragejr,coverage jr
washington,Washington
september,September
brett,Brett
armstrong,Armstrong
exxel,excel
wth,wt
renwewal,renewal
morgan,Morgan
mgnt,mint
todd,Todd
genset,gen set
squarepeg,square peg
len,Len
bruck,brick
ing,ING
dadu,dad
propertyjunk,property junk
facklerposted,knuckleduster
completeexcavation,complete excavation
administratevely,administratively
chris,Chris
nykorchuck,woodchuck
ispection,inspection
redarding,retarding
january,January
december,December
wn,en
dv,dc
gourment,gourmet
demolitionint,demolition int
kauhari,Kalahari
erroll,enroll
inps,nips
dedon,demon
swseattle,Seattle
english,English
hact,hat
couldn,could
overgron,overgrown
csr,car
dopar,dopa
aprox,approx
stoarageobserved,observed
diane,Diane
pedersen,Petersen
violationveg,violation veg
sidewalkgarage,sidewalk garage
violationsno,violations no
roofviolation,roof violation
vegetationobserved,vegetation observed
trailor,tailor
stripdiscussed,strip discussed
complainace,complain ace
yonnie,Ronnie
tauschek,mustache
broeckero,broker
pannel,panel
repeatno,repeat no
occupantsjunk,occupants junk
bagsland,bags land
violationssheds,violations sheds
storageobeserved,reservedness
lastic,elastic
unsecure,insecure
takenpatrick,Kirkpatrick
foundationvacant,foundation vacant
presale,resale
exposedopen,exposed open
exposedlight,exposed light
dmeolition,demolition
issuancedoor,issuance door
zonethere,zone there
througout,throughout
frontjr,front jr
abuting,abutting
eovacant,vacant
setbacksobserved,setbacks observed
auxillary,auxiliary
violationsdw,violation
postedconfirmed,posted confirmed
continueapplication,continue application
inspectioin,inspection
yardzonethere,Netherlander
linc,inc
mk,km
eudo,euro
standbuilding,stand building
standzoning,stand zoning
beaulieu,beau lieu
codeobserve,code observe
hsehld,household
parkerland,parkland
unpermittedlu,permitted
superceeded,superseded
frater,grater
failureplease,failure please
yds,yd
enclsed,enclosed
novpermits,peppermints
tav,vat
elim,elm
intial,initial
inspectiongave,inspection gave
stan,stein
hayes,Hayes
jda,adj
rehabiltation,rehabilitation
facklerzoning,facsimileing
mary,Mary
yardadu,yardarm
alleyillegal,alley illegal
constr,cons tr
guadalupe,Guadalupe
sidewalkbuilt,sidewalk built
permitslu,permitted
gvw,GCV
gmcase,gm case
storeunpermitted,neurotransmitter
violationviolation,violation violation
vegeatation,vegetation
hazardvegetation,hazard vegetation
residencedeteriorated,residence deteriorated
storageencampment,storage encampment
vcomp,comp
vegetations,vegetation
violationvegetation,violation vegetation
signzoning,sign zoning
ecans,cans
photovacant,photo vacant
photoverified,photo verified
lotinitial,lot initial
dewatering,deteriorating
spd,sod
forceable,force able
permti,perms
codevacant,code vacant
entrystock,entry stock
siteteam,site team
sitefiles,site files
sitephotos,site photos
conditionsoutdoor,conditions outdoor
shoing,shewing
gc,cg
portin,portion
inoperableness,inoperable
violationsground,violations ground
heller,Heller
hughes,Hughes
cleveland,Cleveland
hs,HS
hbmcbradrick,Hendricks
violaiton,violation
bryan,Bryan
lepenske,Smolensk
robert,Robert
wilson,Wilson
felix,Felix
susan,Susan
gallegos,Gallegos
kaylee,Kayla
genarator,generator
sugject,subject
elec,elev
existinspected,exist inspected
elicetrical,electrical
wal,awl
arounf,around
strippping,stripping
cieling,ceiling
totla,total
violationapplication,violation application
ote,och
codeviolation,code violation
ordinanceviolation,ordinance violation
vwhicles,vehicles
holton,Bolton
iug,rug
ig,if
neccessary,necessary
evicition,eviction
aresa,areas
authorizationno,authorization no
griffen,griffin
michael,Michael
requestdeteriorated,request deteriorated
ordiance,ordinance
propertiesviolation,properties violation
licnse,license
storagepossible,storage possible
realtors,reactors
prosch,pro sch
vehiclespoke,vehicle spoke
toyota,Toyota
violationsreplacing,violations replacing
gargage,garage
dm,d
furnance,furnace
conditionsunfit,conditions unfit
buildingroof,building roof
chaie,chair
overgrowning,overgrowing
leary,Leary
mh,mg
junkat,junket
grandaughter,granddaughter
ofowner,of owner
reinspection,re inspection
permitsthe,permits the
debri,debris
violationtraffic,violation traffic
jf,hf
totaal,total
unpassable,unassailable
larry,Larry
lunde,lunge
rootshouse,roots house
porta,ports
codetrash,code trash
televison,television
coverplate,cover plate
nonhabitable,non habitable
infestion,ingestion
existsclosed,exists closed
abatementfront,abatement front
kelley,Kelley
vpermit,permit
takenpermit,taken permit
violationstructure,violation structure
violationsns,violation
proerpty,property
strucutre,structure
csb,cab
planpermit,plan permit
storageoutdoor,storage outdoor
expiredobtain,expired obtain
occupancypermit,occupancy permit
og,go
viuolation,violation
codezonegarage,code zone garage
lotresolved,lot resolved
structureeo,structure
housingpermit,housing permit
zonelu,Luzon
issueweeds,issue weeds
sidewalkviolation,sidewalk violation
orderns,orders
violationsitems,violations items
sidewalkovergrowth,sidewalk overgrowth
widewalkviolation,defibrillation
lcv,lav
violationstransferred,violations transferred
adams,Adams
marhshall,Marshall
roberts,Roberts
photosat,photostat
hoyos,homos
storageviolation,storage violation
honda,Honda
chges,chge
le,Le
inspecion,inspection
violationvacant,violation vacant
secdure,secure
rockeryoutdoor,rockery outdoor
correctedpermit,corrected permit
rerar,rarer
gabion,gab ion
junkpermits,junk permits
jdi,Jodi
dp,DP
inspecte,inspect
regardingnoise,regarding noise
ork,irk
reiteratedthe,reiterated the
wednesday,Wednesday
june,June
zoneunpermitted,neurotransmitter
clifton,Clifton
olds,old
amts,mats
unk,ink
legallay,legally
occupan,occupant
tralph,Ralph
westphal,Westphalia
exploained,explained
violationjunk,violation junk
storageelectrical,storage electrical
ecainterior,interior
existzoning,exist zoning
aav,av
czb,cab
vacumn,vacuum
misscellaneous,miscellaneous
itemsmet,items met
darlene,Darlene
rehabviolation,rehab violation
damanged,damaged
elj,elk
brennan,Brennan
exitsmultiple,exits multiple
violationsbldg,violations bldg
drivehousing,drive housing
olsenapplication,misapplication
yancy,fancy
gmc,gm
kanta,quanta
uillegal,illegal
airbnb,airborne
sherwood,Sherwood
stoved,stoves
dumpped,dumped
obsereved,observed
spreaded,spreader
throughtout,throughout
vechicles,vesicles
backfilled,back filled
engineerunfit,engineer unfit
existswindow,exists window
olympic,Olympic
approvedduplex,approved duplex
ui,ii
swopen,twopence
hz,Hz
miscellanous,miscellaneous
holden,Holden
luc,lux
alsotruck,also truck
stubstantiate,substantiate
violationsdemolition,violations demolition
bdlg,bldg
slopetrees,slope trees
ewing,Ewing
foss,doss
yearpermit,year permit
structuretemporary,structure temporary
immediatelyhaving,immediately having
jurisdication,jurisdiction
zonepermit,zone permit
rowmetro,row metro
marilyn,Marilyn
coving,caving
kim,Kim
lightsre,lighters
kirt,quirt
jones,Jones
wilcox,Wilcox
february,February
jonathan,Jonathan
leatherwood,leather wood
nnguyen,Nguyen
lynn,Lynn
violationsviol,violations viol
weedstree,weeds tree
allowedopen,allowed open
sidewalkpking,spacewalking
sfinspected,sf inspected
vegition,vegetation
merhandise,merchandise
residentially,residential
violationsdeteriorated,violations deteriorated
suv,SUV
permitget,permit get
uuse,use
junck,junk
vehiclespart,vehicles part
sighns,sins
chevy,Chevy
uyd,id
propery,proper
reveg,revel
reid,rad
mauricio,Mauricio
todayâ,today
acknowlege,acknowledge
braseth,brasserie
codejunk,code junk
levelillegal,level illegal
violationszoning,violations zoning
slp,alp
amemerg,emerge
electricityhousing,electricity housing
bedrms,berms
hts,Hts
headrm,head rm
hsing,hing
novs,nobs
transfered,transferred
inspeciton,inspection
vegetationveg,vegetation veg
sidewalkmajor,sidewalk major
blding,bling
takenviolation,taken violation
yardviolation,yard violation
roomspermit,rooms permit
kh,kg
lotunfit,lot unfit
residencehouse,residence house
myra,Myra
mger,mgr
buildiing,building
openopen,open open
inoperables,inoperable
sfrinspection,introspection
camaro,carom
dalbora,Debora
delapitated,decapitated
westmoreland,forestland
mdal,medal
remoed,removed
numberous,numerous
damange,damage
roomzoning,room zoning
storageincludes,storage includes
duplexalso,duplex also
violationsmany,violations many
vilolations,violations
yns,yens
afichuk,fichu
debrisbldg,debris bldg
entryapplication,entry application
precon,recon
junkvacant,junk vacant
delridge,ridge
weedsviolation,weeds violation
sfjunk,sf junk
storagepermit,storage permit
violationlu,violation
measuresproperty,measures property
nondisturbance,non disturbance
requiredwork,required work
arcview,arc view
br,BR
hou,ho
hansen,Hansen
pbarrett,barrette
pb,Pb
assistanceunpermitted,assistance
contct,contact
storageunfit,storage unfit
qs,sq
waas,was
faceplates,face plates
thoughout,throughout
adn,and
undersink,under sink
assistanceoccupied,assistance occupied
sheetrocked,sheet rocked
megale,regale
inclusing,including
thompson,Thompson
hmbc,HSBC
violationsstructure,violations structure
relocatedobtain,relocated obtain
remodeljunk,remodel junk
storagespoke,storage spoke
bruce,Bruce
borjesson,boorishness
timebruce,timepiece
lyle,Lyle
cked,caked
conf,con
storageas,storage's
holderr,holder
inopperable,inoperable
premiseszoningjunk,premise
permitpermit,permit permit
allen,Allen
perf,pref
mse,MSE
shorelinenew,shoreline new
buildingsecure,building secure
overgrowthveg,overgrowth veg
mitsubishi,Mitsubishi
mfv,mfr
lotzoning,lot zoning
remodelfootings,remodel footings
facklerpermit,permitting
violationsinspected,violations inspected
nancy,canny
kool,look
marian,marina
aboards,aboard
fowr,for
barnicals,carnivals
nwc,NW
zonevegetation,zone vegetation
takenretaining,taken retaining
violationsfront,violations front
graf,graph
od,OD
outsiede,outside
detectorproblems,detector problems
mositure,moisture
verifiedhousing,verified housing
verifiedland,verified land
equipement,equipment
juk,junk
zoneverified,zone verified
propertiesobserved,properties observed
inprogress,in progress
corridorlarge,corridor large
nwu,nu
propertyviolation,property violation
vaccum,vacuum
drc,dc
sfrunsecured,secured
siongle,single
houseone,house one
resolvedprinciple,resolved principle
oberserved,observed
chevrolet,Chevrolet
mercedes,Mercedes
andover,handover
stas,stars
fulton,Fulton
licesnse,license
ibu,bu
bldingapplication,misapplication
elliott,Elliott
snohomish,gnomish
dakota,Dakota
cutsinto,cuts into
permitadminstratively,administratively
pvc,PVC
violationsinspection,violations inspection
permitpking,permitting
yardinspection,yard inspection
hyung,hying
feb,Feb
orcas,orcs
thisat,this at
existssmall,exists small
zonehome,zone home
violationsobserved,violations observed
storeage,storage
propertyhm,property
streetviolation,street violation
ordinancezoning,ordinance zoning
parkingobserved,parking observed
swviolation,violation
codeconduct,code conduct
inspec,inspect
assessory,assessor
buildingweeds,building weeds
bldingas,blinding
rentaloutdoor,rental outdoor
benz,Benz
violationspermit,violations permit
guttersvacant,gutters vacant
guttersbradrick,guttersnipe
timeopen,time open
impeeds,impedes
timeveg,time veg
un,UN
violationspermits,violations permits
remodellu,remodel
propertyminor,property minor
buidling,building
remodelpermit,remodel permit
observedvegetation,observed vegetation
violationsmultiple,violations multiple
garagefence,garage fence
garagecomplaint,garage complaint
ecaweeds,seaweeds
maxfield,max field
lcl,ll
acknowleged,acknowledged
abatementsecure,abatement secure
remodelvegetation,remodel vegetation
himviolation,him violation
encroachcing,encroaching
existsproperty,exists property
graffitti,graffiti
madrona,Madonna
existsinspected,exists inspected
rowstop,row stop
assemblys,assembly
permitmr,permit
boileau,boiler
porsche,Porsche
camero,cameo
structrual,structural
pc,PC
violationzoning,violation zoning
ordinanceobserved,ordinance observed
si,chi
habitationbldg,habitation bldg
highposts,high posts
sideviolation,side violation
unhabilitate,rehabilitate
lleary,bleary
rms,ems
garbagehousing,garbage housing
hbmcnonfunctioning,malfunctioning
nonfunctioning,non functioning
permenant,permanent
kuc,kc
lexus,Lexus
uxx,xx
remodeland,remodel and
damagedvacant,damaged vacant
soffit,offsite
violationslu,violation
violationsleft,violations left
amreinspected,am reinspected
tri,tree
plex,plea
aminspected,am inspected
rassmuson,Rasmussen
existsapplication,exists application
signspermit,signs permit
remodeloutdoor,remodel outdoor
cambridge,Cambridge
occupeid,occupied
gfi,gif
isssued,issued
fred,Fred
meyer,Meyer
pete,Pete
phil,Phil
pmseptember,September
midnightseptember,September
pmoctober,October
hasn,has
mainitenance,maintenance
reliakor,reliable
sevices,devices
marysville,Marseilles
dward,sward
conditionsint,conditions int
laudadio,Claudio
maintenancing,maintenance
phillip,fillip
wallaceclient,Wallace
developmentjc,development
fredmeyer,freedmen
jc,kc
ste,sch
srf,sf
demolitionovergrowth,demolition overgrowth
storageinstalling,storage installing
allowedas,allowed as
sfrns,NSF
codeoutdoor,code outdoor
remodelthe,remodel the
zsofia,Sofia
pasztor,pastor
submittal,submitter
alledged,alleged
swland,Lowlands
garageappropriate,garage appropriate
tarped,parted
ap,AP
vegetationbuilding,vegetation building
tmp,mp
dotfailure,dot failure
violationmarijuana,violation marijuana
removedpermit,removed permit
ecalarge,large
spalls,palls
propertydrainage,property drainage
tnv,tn
anne,Anne
wallverified,wall verified
rowhomeowner,row homeowner
violationinspection,violation inspection
uai,uni
bathrm,bath rm
bedrm,berm
openable,operable
aug,Aug
brandon,Brandon
complt,comply
vehicleobserved,vehicle observed
yardsvegetation,yards vegetation
sean,Sean
lamd,land
nstairway,stairway
assemlies,assemblies
mattreses,mattress
pota,pita
measuremnt,measurement
exceptable,except able
noies,noise
innovac,innovate
conversionrs,conversions
accesory,accessory
qtrly,truly
asscoaited,associated
vbbuilding,vb building
floorpermit,floor permit
violationsadding,violations adding
takenverified,taken verified
weedsx,weeds
zonejunk,zone junk
sm,chm
postedrs,posters
tracy,Tracy
bahrakis,Bahrain
probally,probably
daniel,denial
northup,north up
palets,palest
cpt,pct
maggie,Maggie
marc,Marc
permituse,permit use
permitviolation,permit violation
commerical,commercial
matress,mattress
leds,less
neill,Weill
junka,junks
rowland,Rowland
premisesoutdoor,premises outdoor
annaul,annual
jenifer,Jenifer
chang,sang
ajoining,joining
properlypermit,properly permit
steelers,Steele
violationclogged,violation clogged
existsweeds,exists weeds
howard,Howard
joel,jewel
hindges,hinges
lhr,hr
buildingobserved,building observed
alchohol,alcohol
conditionsvacant,conditions vacant
degredation,degradation
blinheim,Blenheim
lynnwood,Linwood
ocupied,occupied
caseobserved,case observed
buildingland,building land
violationchange,violation change
mudsill,mud sill
bbq,BBQ
permitoperating,permit operating
permitviolations,permit violations
strucuture,structure
karen,Karen
quaife,qualifier
blk,bl
deckviolation,deck violation
steinbrueck,Steinbeck
neil,Neil
thompsonon,Thompson
residentioal,residential
buiulding,building
macthed,matched
configuation,configuration
pland,plans
berier,verier
reasturant,restaurant
prmises,premises
init,unit
charles,Charles
sateren,sateen
electrichousing,electric housing
emerg,emerge
ceo,CEO
buildinglu,building
violationshbmchousing,interrelationship
existobserved,exist observed
showerhead,shower head
extention,extension
fixtrue,fixture
coopviolation,coop violation
offpenalty,off penalty
dbh,db
flyer,flier
flr,flt
ordinancestfi,ordinance
garge,garage
hazardess,haphazardness
adry,dry
eviciton,eviction
pressboard,press board
rrent,rent
facklerrs,cacklers
restaraunt,restaurant
cinversion,conversion
unitspermit,units permit
buildingvacate,building vacate
closeeo,closeout
servicet,service
cj,ch
saab,baas
additionss,additions
nelsonat,nelson at
resolvedcondo,resolved condo
tolite,polite
violationtight,violation tight
violationsidewalk,violation sidewalk
propertytenant,property tenant
equipmentstop,equipment stop
neededviolation,needed violation
mattoon,automaton
eco,Eco
completedapplication,completed application
zoningthis,zoning this
compl,comp
alpers,alters
signoff,sign off
removedhousing,removed housing
boley,bola
spaceobserved,space observed
tvs,tbs
yardsviolation,yards violation
demolitioninspected,demolition inspected
phinney,spinney
appl,app
duplexinspected,duplex inspected
leah,heal
depthbmc,depths
violationleaking,violation leaking
ejl,eel
conversioninspected,conversion inspected
displacment,displacement
vbapplication,vb application
violationsovg,violation
residenceland,residence land
structureconstruction,structure construction
fyi,FYI
storagebradrick,storage
accy,acct
rowweeds,row weeds
oslund,unsound
codeunit,code unit
highrise,high rise
sprinklered,sprinkle red
bldgs,bldg
ecalots,escalopes
djm,dim
tere,tear
recved,revved
ofr,for
knd,kn
durango,Duran
violationinop,violation
storagezoning,storage zoning
motorhome,motor home
sharon,Sharon
othe,the
yardzoning,yard zoning
runstad,runs tad
incpobox,paintbox
sumner,Sumner
abatementbsmt,abatement
landuse,land use
violationexpanded,violation expanded
kirkland,Kirkland
vehiclesland,vehicles land
researche,research
dindicated,indicated
jceoviolations,consolations
trahs,trash
buick,Buick
ard,rad
oldsmobile,Oldsmobile
afc,AFC
xye,ye
unithousing,unit housing
stephen,Stephen
lowe,Lowe
ovg,gov
blaine,Blaine
saturdays,Saturdays
violationspictures,violations pictures
duwamish,warmish
budda,buddy
processorpermit,processor permit
judy,Judy
boyfreind,boyfriend
dk,d
timm,time
judith,Judith
hurlocker,hurl ocker
ofcrs,officers
stephanie,Stephanie
roose,ruse
william,William
maurice,Maurice
violationdefective,violation defective
zonevehicle,zone vehicle
entryvacant,entry vacant
overgrowthoutdoor,overgrowth outdoor
residencebuilding,residence building
codeunsecured,code unsecured
occpied,occupied
omar,Omar
andersen,Andersen
canda,panda
rtu,rut
rafn,ran
tenanat,tenant
contracto,contract
brc,bra
cconfirm,confirm
leq,lee
linda,Linda
mestisas,metastasis
miestes,homiest
vk,ck
keith,Keith
powervents,power vents
johanson,Johnson
whainsp,chainsaw
tempterature,temperature
feethousing,feet housing
observedhousing,observed housing
zonesevere,zone severe
wateroutdoor,water outdoor
violationsbuilding,violations building
tankless,thankless
planconditions,plan conditions
tracie,Tracie
blair,blare
murphy,Murphy
transportion,trans portion
resecure,re secure
violationsst,violations st
kenyon,Kenyon
existsrevised,exists revised
unitwater,unit water
intp,into
junkboat,junk boat
eg,eh
occupid,occupied
bn,b
inasppropriate,inappropriate
storagethe,storage the
equiptment,equipment
violationgarage,violation garage
residentapplication,resident application
ouside,outside
conditionobserved,condition observed
structureremove,structure remove
permitas,permits
zonebuilding,zone building
contractorconstructed,contractor constructed
removedpermits,removed permits
takenland,taken land
violationsbradrick,collaborationist
areaway,are away
bmp,bpm
storagehbmc,storage
violationsmissing,violations missing
gutterzoning,gutter zoning
wrs,rs
juan,Juan
goddard,Goddard
awken,waken
separte,separate
briar,brier
violationoperating,violation operating
itemsi,items
neededobserved,needed observed
american,American
vegetatation,vegetation
yardpermit,yard permit
vehiclestfi,vehicle
jamba,jambs
widmer,wider
fremont,Fremont
marietta,Marietta
toxics,toxic
yardsoutdoor,yards outdoor
zonens,zones
wil,wile
cancelled,canceled
insepctions,inspections
themhbmc,thematic
violationsbed,violations bed
motorcyle,motorcycle
picturebldg,picture bldg
kennedydwelling,indwelling
ordertco,recorder
bb,BB
yardsland,yards land
arboristgarage,arbitrageur
ridg,rid
ridgeopen,ridge open
nelsonheat,nelson heat
violationsgarage,violations garage
overgrowthopen,overgrowth open
untis,units
tk,kt
opendetached,open detached
violationnot,violation not
violationnon,violation non
wndws,Windows
devloper,developer
henderson,Henderson
tehy,they
sheild,shield
relocatoin,relocation
exisiting,existing
ecatrees,deprecates
vegetaion,vegetation
junkobserved,junk observed
entryvegetation,entry vegetation
violationcomplaintant,compartmentalization
existkitchen,exist kitchen
structuraly,structural
sealent,sealant
hbmcevidence,evidence
thesholds,thresholds
smokestak,smokestack
buckstove,buck stove
exired,exited
orderinspection,order inspection
occassionally,occasionally
okayed,kayoed
clearence,clearance
handrailhbmc,handrail
violationmissing,violation missing
takenlack,taken lack
electricityapplication,electricity application
amlack,alack
decetor,detector
refrigrator,refrigerator
arourd,around
wallsrs,walls rs
ecacondo,condone
codemisc,code misc
zoneapplication,zone application
palletts,pallets
dee,Dee
hbmcbroken,housebroken
ordinancestructure,ordinance structure
violationsland,violations land
propertyhbmc,property
violationvarious,violation various
hbmczoning,harmonizing
thaler,haler
useroof,use roof
cerification,verification
preson,person
violationinspected,violation inspected
haning,handing
wviolation,violation
nviolation,violation
ordinancevegetation,ordinance vegetation
visability,viability
cornerwork,corner work
permanant,permanent
floatslaw,float slaw
shorelineresidential,shoreline residential
fanhbmc,fanatic
coveringrs,coverings
unfitrequested,unfit requested
photosreference,photos reference
callbox,call box
codemiscellaneous,code miscellaneous
ordleaves,cloverleaves
ralph,Ralph
siu,sou
permittable,permit table
propertyrs,property's
violationhbmc,violation
permitland,permit land
permithbmc,permitted
heighthbmc,heighten
buildingpermit,building permit
harborage,harbor age
vegtation,vegetation
entrybldg,entry bldg
noticeapplication,notice application
ordinanceunpermitted,ordinance
remodelland,remodel land
violationsubstantial,violation substantial
roofline,roof line
wobserved,observed
codenon,code non
particant,participant
slobody,slobbed
cole,Cole
generatig,generating
friday,Friday
zoners,zones
demolitionrs,demolitions
plexiglass,Plexiglas
roofinspector,roof inspector
gaurdrail,guardrail
violationhousing,violation housing
ghleak,leakage
hbmcmet,hermetic
jennings,Jennings
diana,Diana
ocumentation,documentation
peterson,Peterson
permformed,performed
removedrebuilt,removed rebuilt
annemarie,Annmarie
vincent,Vincent
maire,mare
hher,her
marie,ramie
advisor,advisory
vitaminwater,vitamin water
att,tat
installedpermit,installed permit
violaton,violation
requiredweeds,required weeds
requiredns,requirements
dmr,DMD
codesoil,code soil
ampersound,ampersand
codecopper,code copper
fas,gas
dancehall,dance hall
overgown,overgrown
concreteadequate,concrete adequate
installedgrading,installed grading
installedopened,installed opened
deterioratred,deteriorated
hbmcconduct,misconduct
sros,pros
joanne,Joanne
quinn,Quinn
violationopen,violation open
conditionssquatter,conditions squatter
establishe,establish
alleyland,alley land
sfroutdoor,outdoors
permitspoke,permit spoke
fran,Fran
machell,mac hell
sherles,cheerless
violationssecure,violations secure
problemsecure,problem secure
existsblackberries,exists blackberries
treehomeless,tree homeless
bedroomviolation,bedroom violation
jceoviolation,violation
jceoapplication,misapplication
licenseviolation,license violation
unitviolations,unit violations
violationwindow,violation window
vehiclers,vehicles
richard,Richard
pfeiffer,sniffer
aimee,Aimee
laclaire,Claire
storagers,storage's
inspectionstop,inspection stop
permitno,permit no
scl,cl
pse,esp
reuben,Reuben
diaz,ditz
alfred,flared
tco,to
mcleod,McLeod
violationuse,violation use
officemcleod,officeholder
propertyunfit,property unfit
signland,sign land
violationvehicles,violation vehicles
measruesobserved,observed
tresspassing,trespassing
buisness,business
novconstructed,reconstructed
awningpermit,awning permit
codediscarded,code discarded
properety,property
zonealledged,acknowledged
millenium,millennium
jceoluc,nucleolus
angela,Angela
wallsobserved,walls observed
nbot,not
aluminium,aluminum
pe,PE
opended,opened
lanham,Latham
lanhamproject,projectionist
superintendentfremont,superintendent
velo,vole
streetseattle,streetwalker
waitting,waiting
jane,Jane
gypcrete,gypster
roomexterior,room exterior
dexter,Dexter
april,April
ghpermits,permits
himinstallation,him installation
requiredcontinuation,required continuation
correctionsviolation,corrections violation
transperencywork,transparency
permitsviolation,permits violation
codetaco,code taco
nesbit,BITNET
permitjet,permit jet
rehabilitationviolation,rehabilitation violation
ordinanceland,ordinance land
violationmotel,violation motel
violationungrounded,undervaluation
unitshbmc,unities
violationlack,violation lack
sourcest,sources
ungrounded,grounded
dmrc,DMCA
occuped,occupied
cafepermit,cafe permit
illum,ileum
seatown,sea town
aptment,apartment
jdthis,this
autobody,auto body
mechancial,mechanical
zoneoff,zone off
removedhbmc,remover
violationsfailure,violations failure
aduposted,postdated
unitoff,uni toff
notesobserved,notes observed
apts,pats
takenincluding,taken including
chaulking,chalking
spokane,Spokane
roostercommercial,rooster commercial
gardenpermit,garden permit
bowlby,bowl by
jackson,Jackson
fo,few
horton,Horton
storagedeep,storage deep
itobserved,it observed
violationsalvage,violation salvage
lotlarge,lot large
hvac,vac
raj,rage
ghjunk,junk
storageinspection,storage inspection
deadlatch,dead latch
electjunction,elect junction
coverplates,cover plates
ordinancecondo,ordinance condo
startinig,starting
construcution,construction
granger,grange
lotland,lowland
photosland,photos land
permitns,permits
volvo,Volvo
eastside,east side
maintenace,maintenance
npermit,permit
violationlandscaping,violation landscaping
minnimum,minimum
violationsvarious,violations various
violationslow,violation slow
atstore,at store
gurdu,guru
dhanoa,handhold
fergeson,Ferguson
myers,Myers
lsi,isl
sheilds,shields
wks,wk
henry,Henry
weinhard,Reinhardt
ledoux,double
clark,Clark
mananger,manager
reviwed,reviewed
mc,MC
dougal,Douglas
disscussion,discussion
colin,Colin
vasquez,Vasquez
conditionsviolation,conditions violation
weatheroutdoor,weather outdoor
underlayment,underpayment
ryan,Ryan
weatherstone,weather stone
permitsapplication,permits application
lenora,Lenora
compcase,comp case
errorcase,error case
violationland,violation land
crossfit,cross fit
tesla,teals
compainant,complainant
kelly,Kelly
alger,lager
pcl,cpl
activty,activity
jt,get
starlite,starlit
prohibted,prohibited
licensepermit,license permit
hbmcall,McCall
swarn,swarm
sams,mass
consistant,consistent
restripe,re stripe
walmart,Walmart
nightshift,nightshirt
li,lee
jose,Jose
sanchez,Sanchez
violationspoke,violation spoke
csi,sci
installedobserved,installed observed
lightsmet,lights met
paterson,Paterson
ple,ole
lightslights,light slights
conctete,concrete
loadpouring,load pouring
hoa,hos
establishedexpansion,established expansion
restaurantthe,restaurant the
cntractors,contractors
inopsoutdoor,outdoorsy
grossruck,gross ruck
floatunauthorized,float unauthorized
virginia,Virginia
palladian,Palladio
jackhammering,jack hammering
jobsite,job site
restrictionsoff,restrictions off
advertisingapplication,advertising application
ghvacant,vacant
zoneinspected,zone inspected
hdc,dc
howland,lowland
violationada,violation
ghzoning,zoning
observedland,observed land
siteland,sit eland
spaceland,space land
buildingsbuilding,buildings building
sidwalk,sidewalk
baack,aback
pernitted,permitted
incuding,inducing
inspectin,inspection
thule,Thule
wilmoth,Wilhelm
bretz,Bret
violationpiles,violation piles
pproperty,property
constitudes,constitutes
ws,es
evan,Evan
benjamin,Benjamin
carell,car ell
concurrs,concurs
equipmnet,equipment
existsthree,exists three
staffobserved,staff observed
westlake,west lake
occured,occurred
dmc,dc
chpater,chapter
dwellingrec,dwelling rec
ffd,ff
lotproperty,lot property
violationroach,violation roach
sinkissuance,sink issuance
ghviolation,violation
hbmctenant,maintenance
orkin,or kin
ipad,iPad
hotmail,hot mail
wallinspector,wall inspector
pepsi,Pepsi
removedsign,removed sign
thursday,Thursday
craig,Craig
broadacres,broad acres
everday,everyday
violationsurface,violation surface
crockett,Crockett
catagory,category
mikkelsen,Nielsen
certifcation,certification
heith,hath
malcolm,Malcolm
permitsnon,permits non
compllaint,complaint
marcus,Marcus
williams,Williams
regardind,regarding
skanska,Alaskan
santeford,Sanford
acadia,Acadia
bookingacadia,bookbinding
bookingobserved,booking observed
swimmingpublic,swimming public
pumpout,pump out
lether,ether
ashworth,ash worth
trao,taro
codeun,codeine
quinta,quints
removedno,removed no
certificationan,certification an
storyville,storyteller
vip,VIP
mechamism,mechanism
violationstree,violations tree
kathleen,Kathleen
ve,be
esterior,posterior
repairthe,repair the
viewsmall,view small
cindy,Cindy
cartw,cart
immediatly,immediately
advertisingoff,advertising off
lte,let
hoyosart,Hogwarts
buca,buck
beppo,Aleppo
unmuffled,unruffled
spalding,spading
advertisingpermit,advertising permit
adverstising,advertising
signsign,sign sign
codepermit,code permit
permitshousing,permits housing
davis,divas
fnma,FNMA
violationschool,violation school
cose,code
lt,Lt
wyatt,Wyatt
fmo,mo
pedi,pied
sellen,seller
adam,Adam
creefall,crestfallen
dbm,db
contrators,contractors
subfloor,sub floor
bayleys,baileys
macy,Macy
calportland,Portland
bayley,bailey
willbe,will be
abm,ABM
sidik,siding
hodzk,hod
violationsroof,violations roof
stobe,stove
asphaltdownspouts,asphalt downspouts
drainline,drain line
vbm,vb
vovgarage,overage
removedregister,removed register
billboardviolation,billboard violation
blueheron,blue heron
lightart,light art
removedthe,removed the
kress,tress
violationsfr,violations fr
colman,conman
incaddress,inc address
stif,stiff
removedhomestreet,homestretch
buildingoff,building off
icelandair,Icelander
norway,Norway
seneca,Seneca
densmore,dens more
ownes,owned
constructuin,construction
nightime,nightie
arborists,tsarists
roland,Roland
andjacent,adjacent
handicapp,handicap
evelvator,elevator
stairsoutdoor,stairs outdoor
dec,DEC
woodlawn,wood lawn
kenwood,ken wood
nrs,rs
signselectrical,signs electrical
roofland,roof land
violationdrinking,violation drinking
aaron,Aaron
steinke,Stein
violationshousing,violations housing
basementland,basement land
basementst,basements
coulter,Coulter
offically,officially
gly,fly
merrell,Terrell
maxwell,Maxwell
caseweeds,case weeds
sentveg,sent veg
garageobserved,garage observed
crista,Krista
replacedc,replaced
codeinspect,code inspect
supvr,super
barrett,Barrett
mirabella,mislabel
fairview,fair view
atore,store
bemis,semis
takenvegetation,taken vegetation
explaing,explain
dont,font
houseobserved,house observed
servicevacant,service vacant
storagedemolishing,storage demolishing
merrill,Merrill
attendent,attendant
spacewall,spacewalk
lw,kw
prresearch,pr research
prapplication,pr application
encampmentweeds,encampment weeds
violationtrees,violation trees
concernland,concern land
violationaccessory,violation accessory
lotobserved,lot observed
measurementsreviewed,measurements reviewed
alan,anal
oiye,oi ye
slu,slew
photosviolated,photos violated
www,WWW
withinsodo,withstood
jessen,lessen
ordlow,lord
storagepedestrian,storage pedestrian
reqired,rewired
signno,sign no
siteremove,site remove
copysign,copy sign
earthlink,earthling
dsl,isl
timeunable,time unable
stor,stir
permitlocking,permit locking
motiv,motive
unimark,uni mark
holmes,Holmes
violationrodents,violation rodents
drivewayoutdoor,driveway outdoor
sfzoneobserved,nonobservance
ie,IE
oudoor,outdoor
drivewayviolation,driveway violation
signsland,signs land
contempory,contemporary
takenconstructing,taken constructing
violationstorage,violation storage
demolitionpermit,demolition permit
sawcut,saw cut
dupilcate,duplicate
vc,cc
remodled,remolded
fireplaceon,fireplace on
useweeds,use weeds
shoreward,shore ward
camion,cation
takenobserved,taken observed
gravelled,graveled
bannerinstalling,banner installing
approvalremodeling,approval remodeling
signpermit,sign permit
fenc,fen
establishmentelectrical,establishment electrical
subpanels,sub panels
zook,zoo
uselarge,use large
establishmentstorage,establishment storage
ftissuance,ft issuance
usessigns,uses signs
approvalmost,approval most
uppr,ppr
suncliff,sun cliff
fc,cf
signmj,sign
violationboat,violation boat
resturant,restaurant
violationhome,violation home
calozzi,caloric
prinspected,pr inspected
hsw,haw
recieving,receiving
parkingbranch,parking branch
indust,induct
botanica,botanic
jdkatie,Katie
mortenson,tensor
katie,Katie
frontconstructing,front constructing
codewater,code water
buildinghousin,shipbuilding
doesnt,doesn't
servicelack,service lack
np,NP
kevan,Evan
callled,called
honeybucket,honey bucket
workerâ,worker
shouldn,should
devleoper,developer
arlington,Arlington
caseper,case per
seattleâ,Seattle
fd,FD
zoningjunk,zoning junk
junkland,junk land
etcdeteriorated,etc deteriorated
vehiclevehicle,vehicle vehicle
vehiclejunk,vehicle junk
maintenancehouse,maintenance house
milton,Milton
hamlin,Hamlin
stds,std
zonesome,lonesome
violationtent,violation tent
unpermited,permitted
deckland,dockland
violationtrailer,violation trailer
violationsite,violation site
zoningobserved,zoning observed
dillon,Dillon
reller,teller
http,HTTP
vrbo,arbor
researchviolation,research violation
westside,west side
sts,tits
lotviolation,lot violation
permitsign,permit sign
penthousetook,penthouse took
dicussed,discussed
genna,henna
sullivan,Sullivan
cac,vac
san,San
builing,building
mbk,bk
repaird,repairs
miosture,moisture
dennis,Dennis
jason,Jason
didnâ,didn't
jasonâ,Jason
michigan,Michigan
doesnâ,doesn't
mititgation,mitigation
retrian,retrain
andereson,Anderson
christa,Christa
danielle,Danielle
deren,render
infrasource,infra source
stewart,Stewart
howell,Howell
ph,f
spalling,palling
bennett,Bennett
jtm,jam
manlift,man lift
wihtout,without
marion,Marion
november,November
daigan,cardigan
iaw,aw
marv,mar
puretone,pure tone
buildinginspection,building inspection
resecuring,re securing
bldgexterior,bldg exterior
histrical,historical
designpermit,design permit
recreatiion,recreation
denny,Denny
surrently,currently
hotline,hotlink
al,AL
novak,nova
amd,AMD
duplexst,duplex st
thiessen,thinness
takenapplication,taken application
violationrebar,violation
foundationland,foundation land
violationconstruction,violation construction
prbuilding,pr building
boyer,Boyer
brent,Brent
isued,sued
bumpouts,bum pouts
buildingloose,building loose
boxex,boxes
mgmt,mg mt
quiznos,quiz nos
scottelectrical,nonelectrical
beaulieuinvestigation,investigation
ordinnce,ordinance
violationsvehicles,violations vehicles
bushesbldg,bushes bldg
siteunfit,site unfit
lucile,Lucile
debrisas,debris's
tayag,tag
vicki,Vicki
baucom,glaucoma
coffe,coffee
homedeck,home deck
barbeque,barbecue
removedguardrail,removed guardrail
sheetrock,Sheetrock
northlake,north lake
casetwo,case two
juuokesir,desirous
jceono,Leonor
heatviolation,heat violation
violationmailboxes,violation mailboxes
usps,USPS
svcs,secs
licenseviolations,license violations
usedispensary,use dispensary
garbages,garbage
roomhbmcrs,schoolrooms
recomendations,recommendations
resolvedweeds,resolved weeds
readerboard,reader board
cfb,cf
violationview,violation view
neweeds,newlyweds
cedergreen,ceder green
cantlevered,cantilevered
permitsfloat,permits float
totalunit,total unit
leding,leading
entired,entire
lowell,Lowell
evication,evocation
inspctr,inspector
conditionsspd,condition's
permitobserved,permit observed
unitmet,unit met
christman,christian
indadquate,inadequate
empl,em pl
verifcation,verification
badding,adding
nioticed,noticed
relocaiton,relocation
violationskb,violation
parvegetation,par vegetation
vegeation,vegetation
astroturfunauthorized,authorized
authorizationfloating,authorization floating
columbia,Columbia
violationslights,violation slights
prvegetation,pr vegetation
lau,lay
rechalked,re chalked
storagetop,storage top
toatl,total
brigadoon,Brigadoon
madison,Madison
takensquatter,taken squatter
bulding,building
workpermit,work permit
possibele,possible
isrd,is rd
irsd,rids
cscstructural,structuralist
rebecca,Rebekah
frestedt,fretted
ecaobserved,observed
soffits,officiants
vehiclesremodeling,vehicles remodeling
mezen,Wezen
michele,Michele
morris,Morris
rp,RP
clarence,Clarence
hooper,Hooper
distrct,district
damagedtree,damaged tree
shorline,shoreline
requiredi,required
thornton,Thornton
removedobtain,removed obtain
yale,Yale
violationjceo,violation
latona,atonal
enclos,enclose
marg,mar
bberry,berry
propertyapplication,property application
dmcallister,materialistic
corragated,corrugated
sone,nose
meell,mill
tramble,ramble
keller,Keller
rockey,rocket
expantion,expansion
weller,Weller
walkwaysverified,walkways verified
inadaquate,inadequate
heighteco,heighten
followedkb,follower
itemsobserved,items observed
seamans,seaman
demoliton,demolition
veiw,view
wasobserved,was observed
magmt,magma
hardee,harder
enry,entry
juction,junction
lighing,lighting
encapment,encampment
eastlake,east lake
pinky,pink
mngmnt,mounting
caford,ca ford
acculation,accusation
mpld,mold
violationjr,violation jr
handtruck,hand truck
licensemissing,license missing
handrailsleaking,handrails leaking
zoneminor,zone minor
permitsunfitsingle,permitting
reporteed,reported
skansonia,Jacksonian
cn,cm
proveviolation,prove violation
basementinstalling,basement installing
basementmaintaining,basement maintaining
darwin,Darwin
taylor,Taylor
adaquate,adequate
sublesee,sublease
uncleansible,uncleanliness
detectorhbmc,detector
violationsfixed,violations fixed
roomlu,roomful
garagehousing,garage housing
violationurine,violation urine
requiredpermits,required permits
duwanish,danish
xt,ct
amante,am ante
violationcalled,violation called
wy,WY
alongs,along
overgrowthgarage,overgrowth garage
citiation,vitiation
transporation,transpiration
dumpters,dumpers
recylce,recycle
raygun,ray gun
hopusing,housing
violationbedbug,violation bedbug
infestationsminor,infestations minor
hbmcon,Helicon
conditionshousing,conditions housing
prviolation,pr violation
satified,satisfied
oaksmith,oak smith
tuesday,Tuesday
ngate,gate
aad,sad
vehichles,vehicles
sherri,Sherri
abd,bad
hao,hap
storageapplication,storage application
applicationviolation,application violation
salavaged,salvaged
barbara,Barbara
grafunsafe,unsafe
takenunit,taken unit
orignally,originally
multiunit,multi unit
offstreet,off street
fencestop,fence stop
citylight,city light
cabrini,Cabrini
violationsvb,violations vb
displacementweeds,displacement weeds
enroaching,encroaching
violationhot,violation hot
violationremodeling,violation remodeling
deadbold,deadbolt
neededstop,needed stop
unopenable,undependable
setbackspermit,setbacks permit
excemption,exception
conditionsgarage,conditions garage
mcdonalds,McDonald
gsf,gs
distrubution,distribution
visile,visible
ghinspection,inspection
mrs,Mrs
hovsepian,hosepipe
buildingvacant,building vacant
ghinspected,inspected
sightlineviolation,signalization
cosntruction,construction
takenfire,taken fire
takenelectrical,taken electrical
residencevacant,residence vacant
observedote,observe dote
phoe,foe
comercial,commercial
mdapplication,misapplication
holland,Holland
zeman,Noxzema
louisa,Louisa
visble,viable
asviolation,as violation
lotzonei,lotion
maintaing,maintain
limitspermit,limits permit
darleen,Darlene
delana,Delano
gruen,grue
reeval,rival
ib,bi
buildingst,buildings
sitephotosat,photostatted
condtions,conditions
zonefire,zone fire
residenceinspected,residence inspected
ordinanceapplication,ordinance application
wedneday,Wednesday
lewisbuilds,overbuilds
jdso,Judson
clearify,clarify
basementlu,basement
egresslaw,egress law
conversioncase,conversion case
removedwest,removed west
boylston,Boston
guil,guile
transia,transit
parkings,parking
orderviolation,order violation
conversioncondo,conversion condo
worklanduse,workhouse
storaage,storage
bachmann,Banach
burdick,burdock
zoningtaco,zoning taco
msg,MSG
speidel,dispel
damamged,damaged
deterioated,deteriorated
thats,thatch
luminated,laminated
sidewalkinspection,sidewalk inspection
serviceviolations,service violations
uint,unit
jewerly,jewelry
improvementpermits,improvement permits
violationapt,violation apt
bexcessive,excessive
obderved,observed
codeplayground,code playground
swedish,Swedish
engstrom,angstrom
cinko,pinko
northgate,north gate
storagemore,storage more
apartmentsapartment,apartments apartment
weren,were
jarrett,Jarrett
phot,pot
te,ch
sprinkleredland,sprinkled
violationnightclub,violation nightclub
bedspring,bed spring
complianceweeds,compliance weeds
advertisingwindow,advertising window
repalcement,replacement
alaska,Alaska
boeing,Boeing
stalter,staler
goodship,good ship
alertneeds,alert needs
issurance,issuance
marpac,maraca
kenagy,Kennan
grafitti,graffiti
szi,sci
eru,er
carleton,Carlton
violationsposted,violations posted
remodelbradrick,remodel
energizeoutdoor,energize outdoor
yardduplicate,yard duplicate
tenats,tents
lotbradrick,goldbrick
harvard,Harvard
conversionhbmc,conversation
functing,functioning
wayst,ways
foilage,foliage
storagetrailer,storage trailer
ecanew,anew
outsidde,outside
zoningparking,zoning parking
occupancycorrections,occupancy corrections
permitinspected,permit inspected
neighbours,neighbors
broadway,Broadway
removedapplication,removed application
violationgates,violation gates
conditionint,conditioning
kyle,Kyle
complainantwith,complainant with
cdl,cl
oed,OED
grond,frond
porchland,porch land
toatal,total
permitusing,permit using
userecording,use recording
appliation,application
loaction,location
overgrowninspection,overgrown inspection
inperable,inoperable
wht,why
ble,bl
chevette,couchette
latters,latter
violationunfit,violation unfit
sfrzoning,zoning
premiseszoning,premises zoning
violationsentries,violation sentries
eiling,wiling
signgrading,sign grading
casemultiple,case multiple
zoneispection,inspection
julia,Julia
saturaday,Saturday
rocco,Rocco
fridays,Fridays
blging,bling
basementstop,basement stop
basementbedbugs,basement bedbugs
dri,drip
missiing,missing
violationsunit,violations unit
sidewalkst,sidewalks
violationsthorny,violations thorny
warsaw,Warsaw
ittems,items
broadwayinsp,Broadway
entryoutdoor,entry outdoor
paymentzoning,payment zoning
closezoning,close zoning
chen,teen
clen,clean
ispected,inspected
clothings,clothing
shoping,shooing
rrio,trio
junepossible,impossible
kent,Kent
ellis,Ellis
pipees,pipers
establishedviolation,established violation
adm,ADM
rugh,rug
shbm,shim
attemping,attempting
violationsminor,violations minor
montana,Montana
oddfellows,odd fellows
permitsas,permits as
adversting,adverting
ufc,Pfc
wealthsimple,wealth simple
eobradrick,redbrick
takenlu,taken
oulet,outlet
vehiclebradrick,extravehicular
codehomeless,code homeless
interferring,interfering
remodelcommercial,remodel commercial
permitspermit,permits permit
zonig,zoning
storagehousing,storage housing
buildinginitial,building initial
bp,BP
appliaction,application
violationladders,violation ladders
unitpermit,unit permit
takena,taken
ziplock,zip lock
oneast,on east
furnitures,furniture
codelight,co delight
requiredbulkhead,required bulkhead
minumum,minimum
errortrailer,error trailer
buildingapplication,building application
finalled,finagled
remodelcondo,remodel condo
thremostat,thermostat
commmon,common
casedemolition,case demolition
foor,fur
skybridge,sky bridge
tenatn,tenant
raditors,radiators
revison,revision
goodman,Goodman
yardland,yard land
sidewalkland,sidewalk land
violationcurb,violation curb
roosevelt,Roosevelt
conco,coco
complaiint,complaint
exxell,expelled
hadn,hand
infront,in front
conversionii,conversion ii
lpb,lob
improvementuse,improvement use
fuhrman,Thurman
signobserved,sign observed
standinspection,stand inspection
nolan,Nolan
rundquist,Rehnquist
additionapplication,addition application
recreationviolation,recreation violation
notesviolation,notes violation
storageinop,storage
cmplnt,compliant
requiredviolation,required violation
construcion,construction
mrj,Mr
closeapplication,close application
duplexpermits,duplex permits
yardillegal,yard illegal
kitchenobserved,kitchen observed
violationsecond,violation second
belinda,Belinda
rc,RC
residenceweeds,residence weeds
overgowing,overgrowing
mmj,mm
cordaro,cordage
peds,eds
overspill,over spill
coty,city
coversion,conversion
violationpermits,violation permits
os,OS
permitfire,permit fire
photovoltaic,photo voltaic
yrd,dry
storageopen,storage open
storagebusiness,storage business
violationnoted,violation noted
structureinspection,structure inspection
prprovide,pr provide
prkb,prob
existsland,exists land
locksno,locks no
lockswork,locks work
roomheater,room heater
stovetop,stove top
workingland,working land
orginally,originally
riprap,rip rap
ohwm,whom
bulkheading,bulk heading
fenceremodeling,fence remodeling
violationlong,violation long
takenoutdoor,taken outdoor
onlyeo,online
obstructedhbmc,obstructed
combustiblesextensive,combustibles extensive
ayrd,yard
retaurants,restaurants
titus,Titus
violationrodent,violation rodent
takenobservations,taken observations
borkend,bookend
corrisorweeds,corresponds
permittwo,permit two
paperworkno,paperwork no
permitissuance,permit issuance
requiredhouse,required house
occupyshed,occupy shed
samuel,Samuel
fh,hf
repairhouseboat,repair houseboat
movedremodel,moved remodel
postedremodeling,posted remodeling
storageissuance,storage issuance
researchbldg,research bldg
corridorweeds,corridor weeds
siteclosing,site closing
sitepermit,site permit
hottub,hot tub
developmentconcrete,development concrete
reinspction,reinsertion
abatementdeterioration,abatement deterioration
takenviolations,taken violations
housemice,house mice
remodelviolation,remodel violation
hotwater,hot water
mins,mind
aroundstairway,around stairway
doorstairway,door stairway
windowexterior,window exterior
ghhot,Hohhot
delaminating,laminating
requiredhousing,required housing
muptiple,multiple
planconstructing,plan constructing
takensewer,taken sewer
complexviolations,complex violations
egreess,egress
unathorized,unauthorized
sidewlk,sidewalk
structuredeterioration,structure deterioration
licenselarge,license large
manlangit,manumitting
requiredhbmc,requirement
panelhbmc,Campanella
detectoremergency,detector emergency
conditionlack,condition lack
sourceland,source land
zonei,zone
tentant,tenant
activites,activities
signinspected,sign inspected
prinspection,pr inspection
conditionsinspection,conditions inspection
brannin,Brain
burdett,Burnett
takenweeds,taken weeds
isuance,issuance
remodelon,remodel on
remodeltrees,remodel trees
mattrress,mattress
toiletinop,toilette
toiletviolation,toilet violation
accumalation,accumulation
reposted,reposed
repiar,repair
struct,strict
eng,neg
bratz,brat
enterprisesviolations,enterprises violations
issuedpermit,issued permit
spaceviolation,space violation
takien,taken
covenated,covenanted
bnusiness,business
noe,nu
takentwo,taken two
soffitsviolation,solidification
hsdhold,handhold
signsproposed,signs proposed
observedobserved,observed observed
sarah,Sarah
christmas,Christmas
vbland,bland
setbackland,setback land
takenauto,taken auto
sturgus,sturgeons
dawson,Dawson
takenhousing,taken housing
andersonzoning,understanding
nsot,snot
vegation,venation
violationsfire,violations fire
inspectionfront,inspection front
permitshbmc,permitted
bkn,bk
apartmentsobserved,apartments observed
piecora,piecework
detailers,retailers
yung,young
potts,Potts
secureon,secure on
yardoutdoor,yard outdoor
itâ,it
perp,prep
dep,deep
demolitionobserved,demolition observed
violationsunpermitted,interrelationship
violationsnon,violations non
binspermit,bins permit
brooklyn,Brooklyn
jnk,dink
permitveg,permit veg
heightbldgs,heights
ghwiring,wiring
rquesting,questing
boxspring,box spring
storagefire,storage fire
garaage,garage
univer,univ er
strored,stored
gardia,gardenia
leakhbmc,leaseback
violationsungrounded,autocorrelations
buildingthis,building this
takenwater,taken water
storageunfitand,storage
accumulationunfitand,accumulation
accumulationviolation,accumulation violation
uxa,aux
codediamond,code diamond
vbinspected,vb inspected
remodelinspection,remodel inspection
ordvegetation,vegetation
knox,Knox
sidewalkspermit,sidewalks permit
dup,pud
storagepile,storage pile
violationsbusiness,violations business
obtainedviolation,obtained violation
violationno,violation no
removedold,removed old
telivision,television
mech,mete
sharepoint,share point
eost,est
soffet,offset
hoyosconstructing,constructing
ncu,nu
wilsonian,Wilsonian
bld,bl
deterioratrion,deterioration
ordinancebasement,ordinance basement
datsun,datasets
obserevd,observed
stefanie,Stefanie
commom,common
permanantly,permanently
violationevidence,violation evidence
unithbmc,community
branhes,branches
eono,eon
anthony,Anthony
deckobserved,deck observed
concreteralph,concreteness
concretecontinuation,concrete continuation
furnaceviolation,furnace violation
vehiclekb,vehicle
ourdoor,outdoor
boogarts,Bogart
visiti,visit
complant,complaint
wlaschin,chinchilla
takenkb,taken
engress,egress
wouldn,would
unitoutdoor,unit outdoor
violationbasement,violation basement
handrailland,handrail land
violationunauthorized,violation unauthorized
takensmall,taken small
dectector,detector
residenceverified,residence verified
darren,darner
repairhousing,repair housing
citationlarge,citation large
issueshbmc,issuance
eovacate,vacate
electricityviolation,electricity violation
lothousing,lot housing
railsemergency,rails emergency
storagemiscellaneous,storage miscellaneous
kris,irks
beaton,baton
steinar,Steiner
willanger,will anger
steelezoninginspected,introspected
zoniingobserved,nonobservance
sisley,Lesley
standardsviolation,standards violation
caapplication,ca application
bacony,bacon
constructionwall,construction wall
backsplash,backslash
unitts,units
floorst,floors
carl,Carl
exterir,exterior
storageweeds,storage weeds
jefferson,Jefferson
materialsviolation,materials violation
codelarge,code large
hshold,hold
apprx,approx
materialsland,materials land
codemassive,code massive
allowedpermit,allowed permit
workno,work no
dateno,date no
codehousing,code housing
vechile,vehicle
entrys,entry
rearluc,rearguard
violationtenant,violation tenant
rdg,rd
funriture,furniture
storageunfitfire,storage
weatherviolation,weather violation
codearea,code area
fileviolation,file violation
violationproperty,violation property
touilet,toilet
yevgeni,evening
ostrovski,Rostropovich
violationshouse,violations house
inspectorhouse,inspector house
tagland,ta gland
picturesviolation,pictures violation
prp,ppr
ventilaton,ventilation
hwt,hwy
lafayette,Lafayette
storageincluding,storage including
junkeo,junker
junkas,junks
donâ,don
isola,isolate
bon,nob
floorland,floor land
setbackhbmc,setback
inforced,unforced
spk,pk
basememt,basement
repairsviolation,repairs violation
pomada,pomade
temmporary,temporary
artemio,Artemis
corio,curio
obtainining,obtaining
vwhite,white
propewrty,property
sidewlks,sidewalks
streeta,streets
inspectorunable,inspector unable
willl,will
hbmclack,lampblack
zonebased,zone based
addtion,addition
jess,Jess
obbserved,observed
inopable,inoperable
ordinancesome,ordinance some
yesler,slayer
hse,she
hbmccentral,centralism
hbmclow,clownish
obsderved,observed
codestop,code stop
miscellenous,miscellaneous
deris,dermis
violationsnote,violations note
signwrong,sign wrong
loadindg,loading
sidewalksidewalk,sidewalk sidewalk
gargae,garage
takenveg,taken veg
maintainance,maintenance
curcuit,circuit
weedslow,weed slow
violationinoperable,violation inoperable
furnacehbmc,furnace
servie,serve
showerviolation,shower violation
violationdiscarded,violation discarded
useverified,use verified
ilegal,legal
inpsection,inspection
buiding,biding
ricketts,rickets
mitch,Mitch
grospe,grope
bathrorom,bathroom
biodiesel,bio diesel
bgviolation,violation
ordinancelow,ordinance low
ordinancemassive,ordinance massive
vaughan,Vaughan
sidewalkminor,sidewalk minor
ordinanceovergrowth,ordinance overgrowth
requiredinspector,required inspector
cutgrading,cut grading
mcguire,McGuire
oversized,oversize
violationaddition,violation addition
mezenconstructing,constructing
edwards,Edwards
happenned,happened
ordveg,overlord
yardalso,yard also
hiawatha,Hiawatha
dimetry,dime try
occuring,occurring
barger,barge
bargers,barges
spanish,Spanish
reyna,Reyna
velasco,Velasquez
buildingboiler,building boiler
oregon,Oregon
katy,Katy
chevalia,Chevalier
storagesignificant,storage significant
violationsdemolished,violations demolished
lisaanne,saline
certificationapplication,certification application
violationinsufficient,violation insufficient
detectorland,detector land
cadilac,Cadillac
mmc,mm
metz,met
fornt,front
complianant,complainant
neededowner,needed owner
grey,Grey
cutillegal,cut illegal
ownereo,owner
flrs,firs
familyviolation,family violation
ewith,with
superintendant,superintendent
derek,Derek
zuraff,riffraff
violationa,violations
garagejunk,garage junk
dilapidate,dilapidated
buildingsunfit,buildings unfit
inspectionbsmt,inspection
violationpermit,violation permit
housebasement,house basement
permitzoning,permit zoning
norht,north
ydf,yd
heathousing,heat housing
violationremoval,violation removal
garageland,garage land
violationviolations,violation violations
gutterhousing,gutter housing
zonehousing,zone housing
disconnectedhbmc,disconnectedness
etchousing,etc housing
plymouth,Plymouth
againest,against
violationsvs,violations vs
rvland,Roland
mazda,Mazda
nnj,NJ
mpl,mp
dol,sol
violationrepeated,violation repeated
damged,danged
sturctural,structural
subaru,Subaru
nneeded,needed
sidewalkoutdoor,sidewalk outdoor
hw,he
operationg,operation
ike,Ike
busness,business
luggagge,luggage
reapir,repair
hungviolation,hung violation
observedvacant,observed vacant
observedmissing,observed missing
expiredtemporary,expired temporary
chinese,Chinese
nieghbor,neighbor
camry,Camry
neededlarge,needed large
siteas,sites
crispin,crisping
walsh,Walsh
nathan,Nathan
connaway,Conway
pape,pap
structureowner,structure owner
ook,oik
shieldingjunk,shielding junk
storagei,storage
bumber,number
travelling,traveling
ghapplication,application
trusk,tusk
myc,my
violationspigeons,violations pigeons
uaa,baa
hbmctoilet,toilette
wking,eking
liv,lvi
waterobserved,water observed
incroaching,encroaching
photosobserved,photos observed
violationtransient,violation transient
xai,xi
wayland,waylaid
storagegutted,storage gutted
karoke,karaoke
violationspartial,violations partial
violationsstfi,violation
thomas,Thomas
duplexfire,duplex fire
vegertation,vegetation
violationover,violation over
sidewalkzoningobserved,sidewalk
mckenzie,McKenzie
gabe,gave
remmoved,removed
developement,development
dori,dorm
leslie,Leslie
chavalia,Bacchanalia
cof,cod
soondiscussed,soon discussed
soonreassigned,soon reassigned
hillary,Hillary
carkeek,carjacker
roomate,roommate
cd,CD
encroachuing,encroaching
takengarage,taken garage
mgt,mtg
ceretificate,certificate
overgrowthbsmt,overgrowth
buildingw,building
bginspection,inspection
busses,buses
mcclellan,McClellan
storoage,storage
codeinoperable,code inoperable
limted,milted
violationgrowing,violation growing
takenopen,taken open
distrubance,disturbance
accumalated,accumulated
violationsac,violation sac
restablish,establish
inspectionoutdoor,inspection outdoor
removedopen,removed open
detrioration,deterioration
violationsnumber,violations number
forecloure,foreclosure
cty,cry
yardconstructing,yard constructing
noth,both
ymca,YMCA
thomson,Thomson
intersectionviolations,intersection violations
mainfloor,main floor
withich,Wichita
chaseobserved,chase observed
publuc,public
photosunable,photos unable
resolvedapplication,resolved application
oridnance,ordinance
neighbortrees,neighbor trees
ipa,IPA
elaine,Elaine
burhead,bur head
junkapplication,junk application
chev,chem
taterd,taters
tarpes,tarps
storageunpermitted,neurotransmitter
sideyrd,sideboard
reckervegetation,reinterpretation
boundaryes,boundaries
ofpavement,of pavement
overexcavation,over excavation
permitvacant,permit vacant
additionstop,addition stop
overgrownoutdoor,overgrown outdoor
overgrowthviolation,overgrowth violation
vacount,account
removedstfi,demonstrative
junkviol,junk viol
windowsopen,windows open
eoviol,viol
entryland,entry land
winterlife,winter life
inopeable,inoperable
codesofa,code sofa
removedwhole,removed whole
sitestop,site stop
dormerunsecured,dormer unsecured
deteriuorated,deteriorated
tireobserved,tire observed
saad,sad
khodr,Khorana
toforward,to forward
violationoverheight,hyperventilation
fw,f
bgtree,subtree
ecaconstructing,constructing
puente,punter
oberved,observed
inthe,in the
junkviolation,junk violation
ordinanceopen,ordinance open
violalation,violation
astro,Castro
hwm,hem
violationdue,violation due
vacatehbmc,vacate
serviceviolation,service violation
alerthbmc,Alembert
reqirements,requirements
servicehbmc,serviceable
marijuan,marijuana
waterviolation,water violation
judgementviolation,sentimentalization
intermittant,intermittent
recylables,recyclables
overgrownbldg,overgrown bldg
basementelectrical,basement electrical
occuancy,occupancy
violationkb,violation
stradeles,straddles
observedvehicles,observed vehicles
ordinanceovergrown,ordinance overgrown
ovrgrwth,overgrowth
cadillac,Cadillac
assistsnce,assistance
errror,error
violationwater,violation water
glazingland,glazing land
storagepiles,storage piles
requiredtopping,required topping
bgweeds,weeds
damagedriveway,damage driveway
neededabatement,needed abatement
requestinspection,request inspection
varify,verify
yrds,drys
laura,Laura
mithoug,methought
vw,cw
timeland,tideland
zj,z
sapce,space
violationcut,violation cut
yardweeds,yard weeds
anardi,dinar
sha,aha
violationcommunity,violation community
fileall,file all
requiredcondo,required condo
bannister,Bannister
obliteride,obliterate
uvillage,village
erroroccupying,error occupying
excercise,exercise
pixof,pix of
collapsedhome,collapsed home
nuber,number
residental,residential
kuw,kw
permt,perm
relace,replace
accessviolation,access violation
biran,bran
delano,Delano
doorviolation,door violation
scrp,scrip
pxs,pis
holzer,holier
wac,WAC
barnes,Barnes
gabert,garter
crutcher,crutches
lewis,Lewis
hbmcsewer,sewerage
bsmthbmc,blacksmith
violationsslow,violations slow
brkn,bran
vehiccle,vehicle
useinspected,use inspected
ordovergrowth,overgrowth
violationsdeterioration,violations deterioration
overgrowthdeterioration,overgrowth deterioration
overgrowthbasement,overgrowth basement
landscapingrequires,landscaping requires
violationsan,violations an
codeinop,codeine
cso,cos
violationsservice,violations service
reynolds,Reynolds
eug,rug
oserved,served
dearborn,dear born
mlk,ml
throught,through
liiving,living
oustide,outside
inope,nope
debrisland,debris land
unterminated,terminated
violationsinoperable,violations inoperable
wagonflat,wagon flat
wv,WV
sealcoating,seal coating
luther,Luther
spvr,spar
poroperty,property
fnece,fence
handrailings,hand railings
houret,hour
planremoving,plan removing
lba,lab
mcx,mix
zhs,rhs
acrs,cars
limmited,limited
alleyremodeling,alley remodeling
sl,til
codeextensive,code extensive
aci,as
sart,chart
appliancelland,appliance
furnitureviolation,furniture violation
tju,jut
observedviolation,observed violation
matresses,mattresses
violationbeekeeping,violation beekeeping
resloves,resolves
applianaces,appliances
codeconstr,reconstruct
hshld,should
installationviolation,installation violation
trussesweeds,trusses weeds
overgrownstructure,overgrown structure
takentall,taken tall
opne,pone
refridgerator,refrigerator
sinkviolation,sink violation
rangehood,range hood
deterioarated,deteriorated
porchspoke,porch spoke
mukhtar,mustard
abdulsamed,abducted
abdalla,Allahabad
idris,iris
julian,Julian
oilspoke,oil spoke
teriaki,teriyaki
theres,theirs
wproperty,property
liz,Liz
kain,chain
haz,ha
buisnesses,businesses
violationrunning,violation running
jk,j
inspectionviolation,inspection violation
monitorgarage,monitor garage
storagethere,storage there
collasped,collapsed
lincoln,Lincoln
whith,whit
obnserve,observe
threshhold,threshold
storagetrash,storage trash
claremont,Clarendon
ofthe,of the
accerory,accessory
dewelling,dwelling
uno,uni
occupancyzoningobserved,occupancy
ghrevised,reviser
insepctor,inspector
reconfiguring,re configuring
klepac,Spackle
structureopen,structure open
phonerepair,phone repair
addtitions,additions
existng,existing
codegarage,code garage
redfin,red fin
refin,rein
ghland,gland
usa,USA
rudolph,Rudolph
ghuneven,uneven
ghjr,GHz
doordoes,door does
exsposed,exposed
barrells,barrels
cardbaoards,cardboard
ersonsion,pensioner
violationant,violation ant
windowobserved,window observed
permitapplication,permit application
demolitionland,demolition land
permithousing,permit housing
takeninspection,taken inspection
reptruck,rep truck
ordinanceweed,ordinance weed
dewey,Dewey
pigmy,piggy
takenhbmc,betaken
wo,quo
vegatation,vegetation
pontiac,Pontiac
evacant,vacant
wetmore,wet more
zoningoutdoor,zoning outdoor
abutts,abuts
resid,reseed
zoneextreme,zone extreme
unidentifible,unidentifiable
requiredpermit,required permit
postedoutdoor,posted outdoor
hydralic,hydraulic
refabricated,prefabricated
thyseen,thy seen
obseved,observed
themself,them self
alon,alone
unmapped,untapped
luggages,luggage
thm,them
zonein,zone in
rjv,rev
acces,aces
containersland,containers land
takenremodeling,taken remodeling
yardsfailure,yards failure
stripemergency,strip emergency
conditionsewage,condition sewage
basementno,basement no
sourcewater,source water
structureland,structure land
storageno,storage no
violationslack,violation slack
windowsemergency,windows emergency
conditionwater,condition water
offland,offhand
ordergas,order gas
metersemergency,meters emergency
basementhbmc,basement
violationbroken,violation broken
basementviolation,basement violation
ordbradrick,goldbrick
thorton,Thornton
sbout,about
ogborn,Born
mckinney,McKinney
barbacues,barbecues
requiredvegetation,required vegetation
malli,mall
playstructure,play structure
fixturesspoke,fixtures spoke
stripextreme,strip extreme
violationsee,violation see
conitionssee,consecrations
violationi,violation
permitunpermitted,permitted
amsterdam,Amsterdam
erickson,Erickson
takenbig,taken big
volkswagen,Volkswagen
violationkitchen,violation kitchen
requestjr,requester
remodelremodeling,remodel remodeling
violationtravel,violation travel
signlu,signal
zoneland,zone land
inspactions,inspections
storageupon,storage upon
mattrees,mattress
livingroom,living room
soutwest,southwest
inspectorpermit,inspector permit
soilsroof,soils roof
removedtemporary,removed temporary
researchst,research st
nec,enc
rasmussen,Rasmussen
ecabuilding,building
inoperablehave,inoperable have
davey,Dave
wrapers,rapers
amy,may
gordon,Gordon
curvey,curve
overgrownviolation,overgrown violation
pemit,emit
overgrownopen,overgrown open
nicole,Nicole
melissa,Melissa
wedgewood,wedge wood
serive,derive
aleast,least
sitereferred,site referred
rh,hr
floodway,flood way
includ,include
violationthird,violation third
safeco,safe co
griffincommercial,griffin commercial
griffinoutdoor,griffin outdoor
zillow,pillow
permisssion,permission
cecil,Cecil
roosterheard,rooster heard
ecaviolation,echolocation
strcture,stricture
finaledspoke,plainspoken
avethere,ave there
iap,sap
maksland,landsman
closeelectrical,close electrical
repairland,repair land
dilapadated,dilapidated
electricaltenant,electrical tenant
referance,reference
vo,co
unhabitable,inhabitable
junkjunk,junk junk
hsehold,household
adverstiment,advertisement
mainternance,maintenance
existsrooster,exists rooster
andersonconstructing,deconstructionism
codeshipping,code shipping
permitsunauthorized,permits unauthorized
edward,Edward
dr,rd
casecreated,case created
identifed,identified
northend,north end
zxo,zoo
leake,leak
existcommon,exist common
countertop,counter top
hangin,hanging
conditionno,condition no
constrol,control
cbre,care
planinspected,plan inspected
uce,cue
noop,snoop
fench,fens
imped,umped
haved,haves
takenthere,taken there
violationovergrowth,violation overgrowth
encoroaching,encroaching
travelled,traveled
obstructiing,obstructing
floyd,Floyd
photospermit,photos permit
mchegg,McVeigh
waterbradrick,waterboarding
wateras,waters
enroute,en route
sesra,sears
occupancies,occupies
garabge,garbage
inopsinspection,introspection
hbcm,HSBC
thrid,third
conditionflooding,condition flooding
bedroomkb,bedroom
bedroominspection,bedroom inspection
stabilze,stabilize
violtion,violation
nex,ex
codesee,code see
marxer,marker
resovedkb,resolved
viewable,view able
violationgarbage,violation garbage
sfrsee,oversee
renton,Trenton
pacrcel,parcel
overgrrowth,overgrowth
roosterpermit,rooster permit
shoreside,shore side
avana,Havana
foundataion,foundation
equipmentviolation,equipment violation
hbmcdryer,hairdryer
overgrowthluc,overgrowth
junkobserve,junk observe
ownr,worn
pedes,pees
plasticapplication,plastic application
lotinspection,lot inspection
violationsbathroom,violations bathroom
takenwindows,taken windows
tenanthbmc,tenanted
complianttenant,compliant tenant
mattres,matters
rerstaurant,restaurant
violationblackberry,violation blackberry
caseplumbing,case plumbing
foundit,found it
huber,Huber
calvin,Calvin
errorall,error all
soule,louse
violationat,violation at
uinit,unit
alisa,alias
bieber,bier
tscrap,scrap
bgzone,begone
sitegarage,site garage
unitweeds,uni tweeds
brannan,Brianna
dejneka,dejected
faliure,failure
orderno,order no
slopepermit,slope permit
sodt,dost
junkcars,junk cars
vios,views
violationdrove,violation drove
corridorstop,corridor stop
rockeris,rockers
extensivelyoriginal,extensively original
violationapplicatiojn,misapplication
parkingland,parking land
occupued,occupied
lakeward,lake ward
accumlation,accumulation
uner,tuner
chairm,chair
cthompson,Thompson
vegetion,vegetation
useconvenience,use convenience
basment,basement
jus,us
establishedowner,established owner
kristine,Kristine
vietnamese,Vietnamese
yardbldg,yard bldg
movedsigns,moved signs
zoing,zing
ordshrubs,shrubs
storagecontinuation,storage continuation
hai,hie
ninh,ninth
andrail,handrail
overgrownobserved,overgrown observed
axel,axle
storageauto,storage auto
scarlett,scarlet
ecaconfirmed,confirmed
spafford,Stafford
robbins,ribbons
kathryn,Kathryn
impeds,impedes
vison,bison
sidewk,side wk
roofdoing,roof doing
issuedviolation,issued violation
seatingbradrick,discriminating
buildingas,buildings
wweeds,weeds
forma,forms
guttromson,guestroom
olson,Olson
lester,Lester
permissable,permissible
wayremoving,way removing
stinson,Stimson
willie,Willie
parkingincluding,parking including
bonterra,Montserrat
willinig,willing
abve,abbe
otherunit,other unit
hagland,ha gland
collaped,collapsed
debiris,debris
leaknick,leak nick
cr,Cr
griswold,Cotswold
obtainedcondo,obtained condo
oprdinance,ordinance
storagejr,storage jr
deodar,deodorant
submited,submitted
assistancevacant,assistance vacant
boatlift,boat lift
inopoutdoor,outdoorsy
ductwork,duct work
vacantinop,Valentino
doorhanger,door hanger
nviol,viol
remainingissuance,remaining issuance
authorizationpermit,authorization permit
obstructingthe,obstructing the
brighton,Brighton
violationsunits,violations units
opent,open
maintenanve,maintenance
settl,sett
anf,and
useparking,use parking
estbalished,established
azoningobserved,nonobservance
muslim,Muslim
khala,koala
ariij,aria
atwood,Atwood
issueing,issuing
shoppping,shopping
trackhoe,track hoe
zoningauto,zoning auto
enderson,Henderson
ordinanceveg,ordinance veg
existsstation,exists station
violationappliances,violation appliances
violationsalso,violations also
sidewalkissuance,sidewalk issuance
licens,livens
sfrhousing,housing
plywoods,plywood
bgsent,absent
craigs,crags
abatementobserved,abatement observed
fema,fame
zoningi,zoning
ordiannce,ordinance
novapprox,approval
nissan,Nissan
storagemattresses,storage mattresses
ov,iv
liine,line
shorelineseven,shoreline seven
revegation,revelation
storagejunk,storage junk
aborist,abortionist
ssdp,SPSS
incluiding,including
addtions,additions
alterationszonestorage,transliteration
weedson,weed son
stucture,structure
vilolation,violation
prisioner,prisoner
takenplace,taken place
permanment,permanent
usereligious,use religious
agreemnt,agreement
responsiblity,responsibility
ofresponse,of response
violationsroaches,violations roaches
retalitory,retaliatory
rlta,rota
steepe,steep
moorages,moo rages
violationstereo,violation stereo
yardjunk,yard junk
alonfg,along
siteinspector,site inspector
vacunt,vaunt
garabage,garbage
ecaremodel,remodel
nonsignificant,non significant
dianne,Dianne
kelso,Kelsey
osb,sob
trenton,Trenton
condominiun,condominium
faucett,faucet
structuregrading,structure grading
violationsinop,violation
additionfound,addition found
residencedeterioration,residence deterioration
ecai,eclair
attaced,attached
npdes,nodes
deckpermit,deck permit
bgjunk,junk
yardremodeling,yard remodeling
storagetesc,storage
violationsjr,violations jr
rottenapplication,rotten application
unitinspected,unit inspected
violationsfood,violations food
vhicle,chicle
observrd,observed
romex,romeo
weedsin,weed sin
tysland,island
priorno,prior no
orderhbmc,camcorder
asifa,massif
stairwellswalked,stairwells walked
garwin,Darwin
weedsjunk,weeds junk
inopsobserved,nonobservance
referrall,referral
additons,additions
vioations,violations
fansst,fans st
securityviolations,security violations
hbmczoninginoperable,noninterchangeable
vehiclesviolations,vehicles violations
photosviolation,photos violation
occupancyexterior,occupancy exterior
existceiling,exist ceiling
uinauthorized,unauthorized
violationsunable,violations unable
possilbe,possible
inopjunk,injunction
parkingvehicles,parking vehicles
wtih,with
megan,Megan
mueller,Mueller
electrcal,electrical
residencebldg,residence bldg
fillrear,fill rear
peststo,pests to
violationsbroken,violations broken
outletsviolation,outlets violation
cockroches,cockroaches
tenantsdeteriorated,tenants deteriorated
sidecondo,side condo
existimproper,exist improper
counterop,counter op
formica,Formica
encrouching,encroaching
sidedwalk,sidewalk
halide,halite
westgrading,west grading
heathbmc,heathenism
violationswater,violations water
suround,surround
violationroaches,violation roaches
takengarbage,taken garbage
usebldg,use bldg
abu,ab
bakr,bark
junkowner,junk owner
takencondo,taken condo
stairwellsother,stairwells other
otherhbmc,motherhood
kithen,kitchen
lowrise,low rise
usenotified,use notified
augusta,Augusta
bgsite,bombsite
storageremodeling,storage remodeling
alacatraz,Alcatraz
mexican,Mexican
notlimited,not limited
onbradrick,Braddock
mising,musing
moaiture,moisture
ceing,ceding
restaurantzoning,restaurant zoning
violatiom,violation
existsviolations,exists violations
doorjam,doorjamb
caulkin,caulking
useviolation,use violation
occurr,occur
tracey,Tracey
violationinitial,violation initial
colsed,closed
requiredhair,required hair
obstructinf,obstructing
raymond,Raymond
stacy,Stacy
whitman,Whitman
abrams,Abrams
violationsstairwell,violations stairwell
siesmic,seismic
zonespoke,zone spoke
upjunk,up junk
whi,whee
madrid,Madrid
overgroth,overgrowth
creston,Preston
includin,including
carwashing,car washing
codedrainage,code drainage
permitdid,permit did
complainantspoke,complainant spoke
slopest,slopes
perimt,permit
smthere,smithereens
areaweeds,area weeds
vehiclecase,vehicle case
seward,Seward
camino,amino
arial,aria
louis,Louis
webster,Webster
permitgrading,permit grading
permitelectrical,permit electrical
neededfire,needed fire
residenceviolations,residence violations
requiredinpspection,retrospection
chatham,chat ham
duplexvehicles,duplex vehicles
violationsjoin,violations join
conversionbuilding,conversion building
violationlarge,violation large
sidewalkparkingvehicle,sidewalk
conversionviolations,conversion violations
nto,not
locksobserved,locks observed
debre,deb re
plie,pile
storagefor,storage for
soored,spored
takeninspector,taken inspector
itemshbmc,hemstitch
materialsjunk,materials junk
photoswilson,Photostatting
emanuel,Emanuel
permitmedical,permit medical
liveaboard,live aboard
uase,use
segmental,sentimental
hangning,hanging
pu,pew
escapeviolations,escape violations
magnuson,magnum
parkinitial,park initial
weedsshrubs,weeds shrubs
storagematerial,storage material
debrisjunk,debris junk
tarpsjunk,tarps junk
cardboardviolation,cardboard violation
informedviolation,informed violation
ordweedsvegetation,prestidigitation
zonetrash,zone trash
weedsvegetation,weeds vegetation
violationslarge,violations large
hangerzoningobserved,noninterchangeable
juke,nuke
shorelinevacant,shoreline vacant
mf,mph
disturance,disturbance
arboristpermit,harbormaster
ecoblock,blockage
fianl,final
ur,Ur
weedsblackberries,weeds blackberries
alleyweedsobstructing,obstructiveness
limbrado,Labrador
ultility,utility
fourplex,fourposter
ersoion,erosion
keppler,Kepler
hillslope,hill slope
kaufmans,Kaufman
kaufman,Kaufman
windermere,winder mere
hydrologically,hydro logically
requiredland,required land
observedlumber,observed lumber
lgq,lg
basementpermit,basement permit
dirrerent,irreverent
gloria,Gloria
norman,Norman
unitbasement,unit basement
moorman,motorman
mojo,moo
sunroom,sunroof
seatle,settle
prentice,Prentice
avweeds,av weeds
dispensery,dispenser
postedviolation,posted violation
marceline,Marcelino
comaplaint,complaint
constractors,contractors
demolishedviolation,demolished violation
qweeds,weeds
observedviolations,observed violations
violationsdemolishing,violations demolishing
eliot,Eliot
hurd,hued
cornell,Cornell
caowner,ca owner
hitchcock,Hitchcock
dulcie,dulcimer
